timestamp,subject,generated_post,is_toxic,relevance_score
2025-07-24T09:58:24.088790,live social commerce events,Write a friendly advertisement post in English about live social commerce events. Add emojis to make it more engaging.,False,0.615
2025-07-24T09:58:56.756120,personal finance finfluencer app,"Write a friendly advertisement post in English about personal finance finfluencer app. Add emojis to make it more engaging.




It is not clear what this might mean for the companies that buy in this year's Best Buy category.
This year's Best Buy category was even more attractive than its low-end ""Best Buy"" category, which was just barely matched with the overall market of the year.
The Best Buy category was also the worst for the most downloaded digital currency in the year.
There were only three categories (not counting the number of people downloaded). In the category where more than a third of the people downloaded made it into the Best Buy category, it was the second worst category.
The other category that was the worst was the top-rated digital currency in the year.",False,0.178
2025-07-24T10:15:34.672655,TikTokShop flash sale,"Write a friendly advertisement post in English about TikTokShop flash sale. Add emojis to make it more engaging. If you have already subscribed to our site, you can sign up for our newsletter at http://www.spatkaktokshop.com.







The book is available on Kindle. As is the case with many of our own books, they will be available in the US, UK, China and Australia. There are also available free ebook versions of all of the books on Amazon.",False,0.318
